a9a327c78dae,99.0,71.267401,-2.513694 
fceed77e506b,29.0,-43.433900,53.085231 
18da5a621e70,40.0,128.962614,22.334031 
b017d6cae48e,94.0,-173.858321,-7.204341 
6afe59d25ade,11.0,54.764429,62.276791 
22ebaf70a94e,59.0,-166.206961,-13.192734 
511a6cf64121,60.0,-111.240482,-83.622541 
23bdf8522cca,60.0,-8.875245,77.305380 
1e4368745a91,83.0,-23.098160,46.561658 
38b8c78a7352,51.0,-92.526247,-25.959575 
e0911ceb48dc,41.0,129.631280,-65.246571 
c885a4e6b932,5.0,-133.910657,28.793539 
60f9ef7b324b,44.0,144.323851,48.858012 
dc542c09545c,78.0,-90.103834,-21.719610 
eda580b4fef1,17.0,-84.049057,24.901097 
f62216cee160,82.0,-45.190204,32.957028 
278ea54f8a32,32.0,77.653270,82.468950 
b704193a79b2,19.0,-127.700652,54.278432 
5781769387ef,97.0,136.033636,-6.583877 
8667e316d908,48.0,-2.194445,-73.425400 
7504d8e363e0,33.0,-171.000507,-29.956613 
3bbc8d850100,21.0,94.107582,34.569517 
df63a1636aa9,50.0,29.167191,48.499366 
82b4dcdb006d,14.0,-34.999149,-14.378639 
95dcb26d1027,4.0,47.676510,40.846412 
66d178be385c,11.0,-102.732821,-51.160285 
e73608b5f157,94.0,176.957039,-19.933934 
d222de8e2d8e,79.0,44.709967,37.618501 
8a29db104a70,8.0,-14.715817,-9.216783 
1a935838a108,57.0,56.097545,16.928346 
3e8e15719ffc,61.0,-67.043881,-50.782794 
a1fb76ce375a,39.0,-106.429035,-37.810425 
9c1d31a348b3,30.0,-101.583655,63.766977 
f76fa992c146,74.0,135.194311,73.689747 
4f57f85fd87a,43.0,-64.988828,-62.189212 
8c071546c0ec,4.0,177.635725,18.707801 
0cf17fb808e0,6.0,140.891503,-61.955309 
a09ade2afc9e,16.0,-39.102419,-17.074716 
ba4716bfa7b4,33.0,-40.781895,-1.839415 
08e1e5194b1b,61.0,-67.037895,-32.034659 
93f91dbd9e09,85.0,43.405222,23.876782 
dec80a668eda,88.0,-174.393128,-78.401355 
ac57b1e4165d,74.0,159.169535,-79.646990 
0f018b540ca4,14.0,101.840136,41.617415 
0e2bdec154aa,46.0,29.258356,-53.126487 
d2b1d8809c3a,34.0,-22.125609,7.845478 
027d132c2ebe,79.0,135.599040,69.108205 
e198660ae36e,0.0,157.581514,28.477800 
0c81482acb7e,10.0,-60.093549,19.641291 
1148d1e86ec8,25.0,-12.252102,86.619814 
4c495af32717,7.0,-92.121880,-75.855634 
daf660e158c1,98.0,-164.062674,43.193166 
4db717969f64,46.0,119.299433,39.695766 
1191ee5de6ea,33.0,-47.925336,-67.589741 
4e7063955735,57.0,-96.227677,40.459807 
ccfed774d372,96.0,136.554700,-28.503587 
99e1542aadc8,53.0,68.283433,25.035541 
487b518336d5,35.0,124.161698,31.608657 
7aad21439e80,17.0,-96.607103,-11.525365 
c4b8270c7cef,64.0,-35.531262,-9.147234 
3049b5c519a1,44.0,-100.322062,85.427533 
7a721908d713,31.0,101.800378,-23.782179 
808820d4b153,27.0,119.917553,-46.387222 
b869288305e8,87.0,-178.441005,-7.318466 
6560c9f15db1,9.0,137.631551,-44.074860 
158ab89b5327,73.0,-88.148674,11.400945 
b462c5b5f6e8,97.0,-149.941741,-59.349874 
ed52a2deff2a,32.0,64.821204,-4.467305 
6cfe6250c51b,82.0,-168.913828,57.899581 
c3048ef0ddb1,25.0,97.797433,-9.101113 
396f806ba082,28.0,170.243089,-33.310774 
159c425c4474,50.0,-70.213573,59.150610 
3cdb9621e732,14.0,-150.992185,83.508618 
0089c8bd3002,26.0,-151.584866,-54.073518 
b22a1d47a3e6,19.0,-128.870028,-45.697220 
93ed3e6b4288,32.0,73.563719,32.198213 
9ed3222c0534,58.0,-117.993695,-69.350700 
8159eaa4a3c4,32.0,131.937121,68.700268 
2f2fdd7b97c2,57.0,-101.940459,75.904388 
d77ae4cb94d6,60.0,149.478344,7.709792 
a9e57801ab2a,84.0,103.975274,5.147815 
c717bc73fde1,62.0,-75.155653,-33.400629 
90e3d401bd0f,74.0,-150.359040,-54.781746 
382e9a4a925c,57.0,152.420016,88.483545 
b72076972bae,78.0,116.470367,-5.031470 
2acc9a5a4c4e,39.0,81.202671,58.506426 
f5bdfeab1d81,47.0,-73.948206,-68.492181 
f3510bca4dae,72.0,-89.738473,76.574031 
6cbbeb024da2,39.0,95.057300,40.242189 
59668688495c,58.0,153.320253,77.754655 
62d7ce7f7433,0.0,-131.869988,37.284218 
f8e75d00c489,32.0,-174.889144,-55.616628 
f7288c83a020,93.0,-33.126587,-7.582583 
73e7249dbce2,64.0,28.791241,72.353483 
48c3d221ede3,86.0,-148.861758,-3.339645 
7a904777094b,75.0,121.701017,-65.765946 
18aa7e8d7e6d,99.0,-83.090992,71.740675 
a41992f8df2b,81.0,97.038802,-22.144974 
e4b090c73489,99.0,1.480961,-46.773547 
19319047e702,16.0,-61.815171,-27.796960 
41becd0afa03,73.0,177.564807,-55.321779 
d9713f0f9e11,52.0,-69.325512,34.604802 
02b1ec731f7f,21.0,-59.572309,-59.255951 
d0f4ad544871,2.0,96.602702,-83.291832 
e76ecc5730b0,38.0,-124.357030,52.081539 
3bfd030a3610,21.0,-88.458548,55.539170 
4fee3eec6d2e,36.0,27.371848,10.323767 
4442b31c5e22,15.0,18.469908,50.832540 
983761331495,50.0,-83.162033,-74.837791 
ec88c55c6506,23.0,20.700544,-78.721659 
f637ebdffbed,16.0,-105.052946,-36.314146 
8d754c2d3fbd,54.0,105.977149,62.844922 
57e6c55518b7,72.0,170.445396,78.854260 
b1e63a65e406,67.0,108.925717,87.680176 
5f5aca222cfc,73.0,-14.549912,-51.436455 
a2a4d9cfc78b,30.0,82.759049,89.308241 
8dad31ad6512,60.0,-152.723524,22.328677 
35d016e4edef,85.0,88.106621,-22.564777 
70f7a88acb9d,26.0,71.255999,82.401044 
27ba4bb4a02d,21.0,178.337762,-40.099118 
b92d7090e469,59.0,-81.492006,-46.015071 
731e4b93ed46,50.0,-85.074922,20.728690 
bb0238f85e28,71.0,6.952821,75.342684 
7e650f58bdb9,73.0,-71.124297,-76.549742 
94703608ffde,82.0,23.629036,4.607972 
8509f286dc6b,80.0,77.655300,-44.866619 
079a7ea41a2c,85.0,-5.592071,-54.577194 
d4e1e690850e,21.0,61.922870,-67.753825 
a2068fb04d20,34.0,-153.702835,-4.267388 
e4c2b1f94dac,74.0,-139.904695,-34.695510 
0411722e50eb,23.0,18.940675,60.921392 
eb335e10eb79,65.0,63.636745,16.912488 
66e031fe7de7,93.0,-143.727140,37.581941 
6c228d8d9d72,12.0,130.315257,-74.705770 
91f41bf19d2f,39.0,-139.591761,67.036326 
efcac9906431,51.0,170.473956,-10.659859 
dc3dbc061d53,27.0,118.071131,22.930509 
c34fc03ad123,92.0,-166.897096,33.460612 
9188fde5ab10,32.0,-74.100214,80.833668 
7355a2cd8cac,72.0,-35.519263,28.169884 
67ae239b07b0,45.0,5.428382,38.298769 
16e653f14ea4,79.0,-97.481245,48.202950 
3890815f13d0,76.0,-110.840916,68.250347 
fd678a2bd245,17.0,-2.265165,-35.069982 
7d89221474b1,52.0,169.874084,47.453548 
e912e5d30c45,84.0,-123.851613,-75.661513 
04350dedf1ee,94.0,-54.069421,-28.418356 
aecd7e848720,89.0,111.073764,12.219464 
96592aef7650,25.0,-36.240861,58.374032 
b00266a918d9,10.0,28.567606,66.672079 
6faaaeb82f70,53.0,33.252043,23.258922 
7959c76fe271,65.0,132.759884,85.909810 
8dd12ae5225a,41.0,-164.963362,-72.652630 
cb31937251ed,24.0,127.214371,-71.034376 
d44dcf3f0bae,14.0,-81.122191,23.232867 
1791ffeeb960,71.0,172.597763,-74.106352 
7cd7eade3fb2,87.0,129.114523,44.035671 
c42917886754,39.0,143.168582,53.733298 
5812d6e799be,2.0,-64.867308,13.768327 
0b00182c2663,18.0,146.438181,39.038487 
1a0941cdcde9,88.0,28.534826,-54.365143 
94a94141f4f7,81.0,108.030655,34.319721 
bfd5b362a1d9,63.0,-77.535358,-4.664618 
fab98c813e48,83.0,-128.824934,-85.259476 
97e56a2453c4,94.0,102.172282,14.460689 
67031d0fd331,19.0,134.425874,52.228296 
9314e5121e17,19.0,164.731100,85.932647 
9e4e09f12211,31.0,-174.846890,-30.009434 
9e4057c8a209,68.0,128.636802,90.636104 
24229bad6ac8,60.0,26.905637,-76.702882 
dc1cd226053c,48.0,-171.551632,-10.258946 
9946c807f8e8,64.0,59.531981,35.668158 
eb7743d3993d,99.0,-141.970806,17.768595 
489c9d0d37ef,46.0,117.280663,47.577066 
2ee65127569d,61.0,46.975613,87.867679 
209ec5cd7804,95.0,-151.201041,-54.479755 
811ce93912ce,21.0,-83.610702,38.858008 
6d521a8dab3f,3.0,176.991405,40.050906 
54058c57a9e4,99.0,-71.803145,60.490287 
638aa11e21b4,71.0,-32.512374,-64.564633 
6276fb3c23ac,42.0,104.029426,87.646547 
5153df74d4f4,57.0,173.208240,-80.804057 
86de74242b60,16.0,43.696922,-41.409007 
454f75366d9a,57.0,-171.874782,-28.871417 
5e28a7177c13,39.0,2.190222,-20.968528 
e156a15e6b85,22.0,-21.057170,-17.606884 
e24a7a5aaaad,93.0,-61.760413,30.938826 
77c5cfafce0f,62.0,-140.413455,83.860940 
e9f1178d9f43,63.0,140.977609,33.158552 
ca7e6fb8865e,23.0,-145.067656,-66.036200 
ed75f01112f9,48.0,-69.675263,27.691330 
643e19e7fa12,69.0,94.814249,-34.417987 
562d2c974697,25.0,80.959890,75.437986 
62329bb3cadc,91.0,51.458781,27.936312 
760f16b22da0,63.0,83.472166,-3.438234 
5e2a928d7851,65.0,-128.242586,-73.748687 
fd992341ce04,75.0,119.215421,47.152934 
416b5f6ad919,7.0,165.441584,-5.321947 
0bceb88f69fd,13.0,-147.791709,23.922111 
06e9247b7145,91.0,110.279560,59.567400 
391f34f8d95e,55.0,-128.462745,-20.089683 
c0c35af2edc6,77.0,-155.315746,-41.859573 
d905b4cfec16,61.0,-74.302087,-72.373291 
3a07d24117fe,50.0,-114.442886,-15.913782 
7a6a6672a5ab,39.0,-32.363841,-78.101896 
114098eb3b2f,25.0,119.959925,89.359141 
84f5fe6d9c7f,11.0,80.437629,-2.380683 
348bba234891,21.0,-98.405009,-53.181703 
2eef12c1ff61,17.0,-143.085094,37.117226 
d565e2526547,30.0,-129.060032,-31.923230 
273e437fb2ad,63.0,-60.454399,-55.374558 
c621d0fa344f,88.0,-144.971224,13.841563 
c991f2ecc89b,81.0,-94.327593,55.257788 
f6358e16097c,8.0,-96.743834,55.147523 
e201d94bea36,95.0,-83.938068,-48.347576 
83dd1f3ab131,37.0,169.347411,-38.533579 
867b5b17c022,52.0,-84.638285,-52.225078 
068775bca509,33.0,-45.699184,-54.094620 
b75d739878f0,43.0,-26.169331,21.073198 
8bd94678a961,27.0,-159.422787,-74.860861 
cacd0faa35ac,27.0,-126.524495,44.305871 
5cba6ca8fdec,49.0,72.554286,15.915203 
4d586b07dd7c,97.0,168.148497,-33.038511 
dc73f2916b62,89.0,-138.480345,-20.793928 
a482d8a4dd2a,38.0,-21.509953,-13.637155 
7ac8637467d0,61.0,160.289545,-87.173580 
98dab7a2d56e,68.0,16.319442,76.161106 
fd5c5768fa8f,81.0,6.140744,-38.914968 
b880f09f4457,90.0,48.338391,80.577846 
c45a5e9d5fc9,44.0,-60.241184,53.263433 
625b9865fde9,46.0,-110.472426,27.854598 
bc26e8766030,63.0,-44.103840,-51.577900 
11d751a1a6df,16.0,-99.755824,-75.872090 
2823db987df3,8.0,-21.306581,-29.625441 
b89ce7e789f7,52.0,-52.536839,4.555111 
31a507d68d7d,45.0,15.085307,46.224197 
a7861848e714,96.0,168.170260,56.885368 
9501bbafc8f9,15.0,-80.585484,-37.756094 
9693934e230d,24.0,130.238893,-14.826200 
2cec2a268fa4,3.0,143.976934,38.494315 
f64a0fb701d5,82.0,-12.217593,-14.397736 
521ca533ce41,20.0,-45.106673,28.834734 
e9077162453e,50.0,-154.646796,55.221691 
5f85b3f42662,53.0,-169.127733,40.348767 
c6f58b62084a,90.0,-167.182575,32.316148 
1c15755c12d2,29.0,21.725143,89.404700 
45d0ac062385,36.0,-60.037469,-87.730604 
bf254759bd47,58.0,-134.612257,-59.267974 
b13b204b4398,52.0,14.917634,19.750518 
82a77604d7ce,8.0,4.051358,79.009277 
68ca03492d8e,94.0,162.475297,-69.458628 
1e102daecb75,66.0,-126.202147,-42.402102 
ae310f86eb64,82.0,-16.369394,-75.946741 
5c09f2694432,3.0,145.876309,-8.895088 
ad784300ce0e,89.0,-8.581949,-42.995876 
85480e000612,0.0,148.293135,50.369950 
cae1488bcbb6,77.0,175.980407,18.307746 
5297d27347df,76.0,121.184039,-8.334159 
545a389676d7,90.0,-66.445566,79.612599 
75e6fa40e4a6,73.0,130.348123,-53.241144 
bbffb34b94d9,59.0,-90.287249,82.309875 
3ce78d3ef48c,30.0,-92.835145,-72.689921 
334105f27a03,12.0,-130.527986,74.908190 
300c52d153a2,57.0,-8.980884,24.482907 
82296608b574,73.0,52.902622,-37.380493 
5fa47468c1cd,75.0,132.267417,25.968742 
4111d5835622,13.0,-83.306032,4.581850 
4f5c6a6f8e11,14.0,-169.345335,48.575959 
3639dd606564,13.0,-45.775392,4.762034 
be84fb68db6e,68.0,-58.989214,-73.508248 
3a67d9e41060,29.0,124.418699,22.158147 
09e7cc05553c,23.0,6.257285,-4.964993 
bb904e66f22b,68.0,97.228419,-59.154012 
c529afab9c05,12.0,36.473071,49.312528 
075f2673722a,69.0,139.638679,90.340392 
881ee5fa97a8,59.0,-74.495813,88.928730 
3d70d88daf12,48.0,63.349129,-17.499390 
0342ad3db1d7,60.0,24.015524,71.854418 
7a18977127d9,40.0,-96.526580,24.620939 
6100687ced81,48.0,17.523717,50.488881 
3dfe2793517a,51.0,-101.564612,-60.153665 
73e7655c5e60,9.0,40.458611,-71.660030 
d6290df4a585,22.0,-179.590310,27.885513 
0e5d3bb8527b,41.0,-68.384891,-79.163056 
0ac79bea858a,33.0,-31.620495,65.478936 
874842beb39e,78.0,-155.149036,-47.263993 
8eca00734b9e,15.0,171.704218,60.919296 
22ee0fc99476,81.0,-137.942167,85.756599 
5bf8a802b401,18.0,-47.969086,16.076392 
6bdd590d849e,85.0,36.701412,10.297116 
a31edd49ec58,21.0,-1.169760,-66.518966 
3c8c2a5f2e9d,34.0,0.868520,52.222466 
9b6f9f483308,22.0,-174.554637,46.570533 
9d8bb32047b6,2.0,-46.911630,63.506820 
0b0927bca2e5,7.0,-151.563408,50.904124 
7b371ae51714,49.0,-155.141266,-65.206781 
0c420d383edd,42.0,59.871342,90.420706 
b4abc9c99d2f,100.0,-82.503955,46.038737 
f6483076e53b,60.0,21.318616,-43.867939 
4ef37a902d22,46.0,88.385568,-40.708409 
d5cb1cab77ab,4.0,60.969237,66.723917 
68e7834a520b,99.0,30.920753,-86.211336 
68352fb6c020,13.0,-159.678438,-28.388151 
f5d753b56eb6,14.0,82.477379,74.042314 
556e02b9eb90,36.0,155.600605,-22.590282 
11517e6f7767,87.0,66.031525,-18.566234 
6b60c07537e4,49.0,115.252736,74.864822 
6a23aaa8c2b8,64.0,119.592017,-41.098762 
177cea4b7f46,30.0,-118.669641,6.276186 
c91877ad9227,93.0,-29.945440,77.987385 
6f29bede0679,53.0,-120.196535,85.578892 
1763163ce377,69.0,-131.199210,-33.200924 
b2b60ff710d4,100.0,-93.291921,-55.692790 
177026ea0634,98.0,-120.542518,58.521118 
e00737080613,89.0,-175.967994,63.910092 
758bcbd3b00a,98.0,-7.638460,-89.090609 
04777f63f14b,0.0,-50.813540,42.190500 
d79a396a3de1,40.0,-54.480209,-77.058922 
8b7349013c49,94.0,-160.535643,-5.986135 
f7e490daf8fe,78.0,-48.128919,73.919368 
11d3beb96220,82.0,-137.089541,69.785267 
7995c682b89b,57.0,-118.683235,29.836649 
15d0a890d67a,20.0,-110.995334,71.410737 
7cc42508399e,77.0,57.156162,-35.638133 
027682169131,18.0,135.291130,-28.699454 
c32de9a47d5d,83.0,-64.805969,-73.131976 
3cf6a622eeed,68.0,177.585572,-62.841691 
4c9ec2e785ad,64.0,97.970904,-17.637590 
9eaf5691e4ff,72.0,141.011413,8.928264 
a7e5d1479d5c,31.0,-11.556647,1.112510 
7d4d066e5c7c,39.0,-166.418939,27.458919 
e7066d5cbf82,47.0,31.921338,-32.717497 
7c312f1b215b,82.0,-139.600250,47.394786 
bce9f68d34f9,85.0,-164.356608,-53.582262 
c0f959d3c4fa,23.0,62.148206,83.989231 
966816a2a492,51.0,120.232104,-21.991969 
c7fe26369057,93.0,150.263490,11.171439 
c90db77edd57,12.0,112.342535,-70.087391 
97e4613824e6,91.0,160.990214,11.416249 
adcdea33a391,94.0,62.991675,22.270344 
371f5388ebe7,33.0,-133.691693,-47.512237 
6022dea8b7df,77.0,87.574702,68.540309 
2e0ba23ca43b,34.0,-149.235162,-48.228053 
2428b4206afd,76.0,-23.533145,12.082734 
91ce60042c7d,52.0,125.066572,-3.097741 
f2a9faae93e7,55.0,-142.628254,-21.873105 
3b719383806a,43.0,-158.820079,63.446068 
0e8061788159,45.0,44.791881,9.485628 
a92b7509aec0,0.0,-78.095961,32.542223 
443ef8162eba,78.0,-133.968400,66.869099 
e16bb3e5cd10,52.0,100.675426,-35.812839 
b361c6bfcbc5,98.0,-63.752789,88.574916 
53423b6baaed,28.0,32.673716,2.954920 
bd2608b3e46e,72.0,-99.255757,38.597702 
845f3c5f5022,88.0,-139.952190,-74.372858 
d428d497b47a,3.0,23.954810,-38.251636 
32850ab901f8,45.0,85.004013,51.062049 
2589bef4cd6d,38.0,62.846616,-2.177172 
454cd0b8468a,77.0,-59.437891,32.983980 
ee689924d3fc,69.0,16.685184,-75.468154 
1b6cd2c412f8,21.0,-164.227169,-51.656654 
ace1a2e46a72,30.0,-4.720840,-76.438525 
aa63182e1637,28.0,-119.246631,79.788683 
6a54c5a803e1,73.0,-24.900473,17.872759 
75308b681563,35.0,-47.861272,6.936719 
adf6fe267863,67.0,-50.589243,79.428237 
c76b1e2ec072,74.0,49.761217,52.977899 
cca15054c90e,40.0,-162.565355,42.159748 
a5adbff0e083,68.0,76.636878,-62.878327 
9f738cca8fab,35.0,144.648523,76.200457 
b9cbed08dea7,6.0,-138.809346,8.595452 
fbec79cb40d0,11.0,-180.624687,-39.836169 
4e97b6bcb176,54.0,-146.720746,-50.599764 
ff51a92ef186,58.0,-143.199522,-34.188422 
25a0031edf6c,1.0,60.651359,79.639642 
d120106c9d7a,44.0,-14.509707,88.232433 
35256b74c744,80.0,-171.710879,-50.143545 
bcbe5e3300bc,35.0,-134.210643,-82.109442 
795766d3d71c,86.0,-55.354029,-78.427370 
0f7c0f53bd43,46.0,43.173353,-31.027693 
57f91e76537e,21.0,-84.324755,-83.788790 
6b78e8a8f702,94.0,-122.285327,-63.124617 
6226e5291d0a,22.0,38.113777,77.228354 
caa0990ebf91,63.0,-48.016998,79.589229 
ea0b8dd19d67,79.0,-159.897479,39.236245 
e2aa4ce51497,9.0,-13.476696,-57.295588 
d670fee014ab,91.0,150.922643,20.167439 
0539f16c4436,64.0,55.549502,-50.660899 
1b6c92a54a58,36.0,161.763661,-1.060515 
160c1f8311be,42.0,108.957927,80.022475 
da2c5d3ff053,31.0,-62.598303,46.232966 
95f6c403fc21,20.0,-64.569323,-17.405004 
2ab233f90546,5.0,-93.862848,21.712567 
a87855be6b29,50.0,129.898235,48.360729 
bf9f484d5196,60.0,167.597338,9.275761 
ff778cb6a5f5,59.0,-57.736704,-21.736421 
46e286aefbfc,19.0,33.961920,-4.953217 
9a44f7c86a59,67.0,54.311111,45.887305 
acb7ec2a9298,24.0,-170.699731,-26.253446 
21c115f28817,59.0,-10.386432,69.698156 
58492e316e59,53.0,68.285689,33.558268 
30a3edf5ab24,53.0,-102.305406,-42.365124 
35265f243629,52.0,145.264637,76.377684 
14bafed7ec6f,80.0,43.184210,-7.360472 
3111a0e6f571,90.0,-142.372454,-82.317980 
343ac42407dc,70.0,-145.027736,77.670618 
2bde794e236d,69.0,-49.832582,-9.300818 
52bde18579de,59.0,172.582931,-33.765326 
32a40d8edad7,30.0,165.327379,-13.513572 
bb2ef7e1ef8a,97.0,-95.625996,-3.861641 
125fdc880162,70.0,-163.576368,36.259984 
d287567f5d76,47.0,163.658347,76.801407 
4074fd6432f1,61.0,-143.612663,32.324780 
04bc05feaf1e,80.0,-156.693310,56.873134 
d00d0d303696,96.0,-155.265280,-65.546106 
e36c93392bcd,78.0,175.230622,-6.922116 
3d283f2259a0,78.0,141.553900,-31.049389 
81dfa71b8214,46.0,-140.765586,-49.822649 
9293b0c60fab,49.0,61.338052,-13.304763 
4edaf3cbd050,88.0,121.383588,11.870632 
0b9ed585a66a,26.0,-86.029612,4.002298 
42a3cafafb4e,92.0,173.456600,-24.519486 
c1fc963518d0,10.0,-156.265767,-61.967478 
89240c7fd2ee,97.0,151.651949,33.334471 
3e52300cdef4,34.0,-44.331058,-0.124540 
ab94b8dd32a9,13.0,-11.710424,31.376181 
9f81d3c6ca38,90.0,12.620598,60.397016 
1f8e94b7703e,36.0,-102.686817,-72.919043 
fb99d98aecb8,91.0,80.268120,-86.820831 
7e3a22bc5dab,74.0,-37.325413,-27.358579 
041962db4d20,29.0,-74.525626,56.531342 
e04b08ee7a29,37.0,178.251311,-49.483909 
1925130807bc,50.0,166.424338,78.970440 
fa578bbe2cdf,98.0,101.307982,35.792139 
207505d0e45a,61.0,-154.302224,13.437867 
903cdb9dc821,97.0,6.873451,-47.747667 
cb0ead63a0ed,73.0,100.086059,20.666800 
58f511c67075,19.0,-126.237927,-44.097980 
81b191bd4518,10.0,34.781652,60.038874 
352962bdf31c,41.0,161.546028,85.734410 
2f265190419b,12.0,143.913010,-84.859384 
6154bee7522f,40.0,66.561911,-61.267662 
5d5743a57466,76.0,66.936821,-14.252684 
6470493035c0,71.0,58.774136,33.677854 
731223782886,98.0,59.791217,11.137703 
89e20c182e28,23.0,45.568494,83.091901 
4c6b3c56f6a0,54.0,-96.467444,80.921059 
ce0c8a5e48cd,13.0,-169.345077,-25.736207 
3daeee17bdf3,24.0,-117.805135,-62.702602 
148d6c9d2dda,29.0,130.501745,-87.902893 
b16413f32649,88.0,160.480219,20.700230 
0df59748fc92,44.0,-158.904502,-63.102023 
badf96b83023,60.0,177.508934,-34.340256 
351581ce0ad4,67.0,36.022668,-10.341826 
9804bc4e14bc,35.0,113.335533,49.693442 
bfe2f2d85a55,61.0,-17.222295,-77.895936 
6dcd22b51b5c,15.0,-114.214456,-24.868188 
a04f7de6b683,30.0,-88.009122,84.820887 
19752c2b957b,79.0,55.902471,-9.738572 
1ed08e087331,87.0,-114.256823,-81.043213 
ace4099431a9,90.0,-17.211612,-1.061791 
fd6dfae9ce4c,47.0,84.587781,53.398568 
f26a78644432,51.0,110.213687,-58.045473 
78c0d67ab22d,15.0,-120.115059,34.832255 
255563f64347,87.0,90.006916,-56.645834 
eb26f2ce338e,68.0,28.023877,-23.006577 
d61786abd746,45.0,119.208259,-9.114342 
688c61b3bffb,17.0,96.277926,-31.266645 
a8f68d51a24b,72.0,-90.069228,-69.245703 
7a86a2ddadca,61.0,163.497758,-74.520459 
50d891239f33,39.0,36.497304,52.638779 
86d220753ade,94.0,-135.832883,71.821944 
9f12faaa6842,10.0,153.056745,64.932789 
5018ed07adba,17.0,137.737426,62.056471 
11a13cfc1fe0,47.0,-55.857226,-61.848132 
7d82cbd43e90,40.0,122.788953,69.782893 
78fb5c418351,25.0,19.070763,90.420244 
1506ae393819,25.0,-163.597484,37.048173 
9c803adb1f50,77.0,43.695781,37.187997 
effc8665176c,99.0,-170.732371,-35.665597 
31209c81fdd5,17.0,-96.300124,-14.387454 
8357e7cf9ee2,39.0,-98.082552,3.221441 
4241e6d7ce97,55.0,-53.095035,-83.437095 
1f209b2752d0,17.0,177.487002,-73.329348 
4159aa76ef0a,79.0,160.833145,0.113168 
e092906b6222,71.0,0.337021,-63.620748 
4502d73ba298,23.0,-54.913771,-85.034568 
e87303937565,8.0,67.028276,52.170547 
6d7de9753c92,43.0,69.298088,18.765648 
31e4e470992b,33.0,52.404052,56.581144 
ad252059e55e,2.0,52.916873,41.139269 
da1d06276382,34.0,19.650875,75.922350 
8c37bb497d17,17.0,68.437876,-0.461325 
85efd5997f0f,76.0,-16.189500,50.241672 
f16fca26e480,58.0,144.900698,24.224871 
8db3f49b9180,96.0,-136.053675,-54.784494 
c4f24ddcdef6,0.0,68.356089,-49.599567 
fe81f7af110c,73.0,117.694976,47.719102 
3de3031035b5,34.0,-178.565510,30.626070 
db0e5125e02e,39.0,-48.215909,88.618909 
15aa1296131e,21.0,-122.383781,18.363589 
8cf4ed552325,54.0,-18.484545,72.914910 
04534acfaa2f,61.0,-114.338478,-4.196008 
2f46843aa529,51.0,36.802190,36.454818 
bef519fe535a,20.0,-164.906683,25.513654 
eb3fc79f47f9,20.0,7.985995,-64.383460 
3c51a577b097,67.0,-165.388328,54.873620 
df4fac9129c6,4.0,-15.630067,10.259925 
d5156b7c72d0,90.0,-104.346405,56.404099 
40f62252d09e,87.0,171.785303,-28.230279 
34514e3517af,47.0,-9.801254,40.433655 
12dcac4fe8c3,99.0,176.939651,-0.842564 
fef8193f2257,69.0,31.740152,43.892991 
fb358e860ef3,1.0,-34.791800,85.644436 
41e766ee3c7e,19.0,15.292818,-8.007210 
02d98eb83877,88.0,-86.044850,-29.389145 
20a27434581d,98.0,73.862688,9.766481 
1623f1e5fe9d,63.0,93.149875,7.144489 
8c8204870ff5,77.0,-170.395211,28.490177 
c71739e1dd74,97.0,178.153202,-87.572836 
6379aa833747,40.0,173.986785,65.969607 
9ddf9fd1453e,17.0,42.975782,32.274877 
6eca26d423c0,97.0,-165.786544,35.987403 
2d9ed35364fd,97.0,-7.455836,73.803789 
342ef5c06c2f,78.0,90.048112,44.547107 
811c1089090a,63.0,160.596732,66.114776 
dddbcbf7d745,27.0,62.518099,75.097667 
889ed4c2d59b,47.0,134.075473,-88.657748 
7117ffea95e9,17.0,147.956295,48.482711 
54f2f6b63b7f,86.0,-136.404950,-6.273897 
7e340779bd92,79.0,142.229117,-47.059150 
c807dd6744dc,99.0,99.533003,13.282763 
9481dc61f4dd,95.0,-20.635007,41.190762 
cb127d5bbf0b,77.0,131.254575,53.652746 
74359b048564,14.0,-3.272808,39.184662 
e689164c6795,2.0,-60.559704,-29.584966 
c7b4978499d8,47.0,-69.590629,50.499526 
483aefaeb9a5,8.0,174.911298,24.901477 
60f423c4d300,85.0,-84.026950,-57.032602 
b3ce6ad1d53e,75.0,-44.481440,13.449234 
54ae151c8cc8,79.0,107.990403,23.481032 
100387a9abcd,4.0,38.968928,-17.665099 
c11b7d9db228,67.0,58.022754,14.897264 
d1b83184103f,56.0,-72.348152,76.928291 
226cebc88381,77.0,174.554595,22.612032 
0732b66a0b9d,2.0,67.548413,6.411780 
0f4ed4c0940d,15.0,150.038804,-35.775542 
b64e4ffc09f0,15.0,136.881462,77.914245 
ae96f53f8588,83.0,64.227286,54.926419 
48e4f49af667,9.0,-168.043269,36.007842 
263727dde219,73.0,132.626013,-36.845288 
4a380865d37d,34.0,-50.141385,-75.427817 
c0c5d409c376,73.0,16.738691,71.470548 
14b0b4841912,90.0,61.299474,54.908041 
0f86a0b4bb6b,76.0,99.547569,-14.317831 
63957818175c,21.0,-51.548241,-73.151186 
70dfd8233590,57.0,-114.960787,16.241447 
d5dc5021a17e,93.0,43.936113,84.121564 
e4f1776cd4b4,84.0,178.675492,-53.920107 
1528213fefaa,79.0,-131.106393,-88.034549 
c490784f92b7,86.0,-75.740864,-33.971832 
0e9d8f8302d6,36.0,-51.936451,-53.582012 
29f9074688b9,15.0,98.648886,52.732337 
4a008f15ea4d,57.0,-109.885483,27.762841 
aa5ca37b3989,5.0,24.366264,42.789120 
f5b8fc264b5c,27.0,99.300342,-3.224020 
35e648804090,67.0,32.844798,-74.114399 
32a69aa7b438,29.0,-34.419213,5.103231 
a68646e31db2,48.0,133.179377,-0.804091 
d004e7981fb4,21.0,-23.449534,-39.697393 
1c30dababfbc,72.0,163.466113,36.569185 
fb85fb7a7fb5,84.0,-172.975021,-72.590404 
9d4b879b8da3,8.0,28.544510,4.498504 
5c7e5db96ab2,38.0,131.066506,40.856435 
901051d19fc6,30.0,-26.928365,-81.634805 
7508045b7e46,90.0,178.556172,53.689557 
3e3124ebfa54,46.0,88.264007,40.135617 
6db4c454fcf2,47.0,63.290359,-13.597569 
d02c3fdaa36e,59.0,-22.443196,34.407276 
0b3a1fe53fca,37.0,-160.919399,-41.293236 
d3371d1de9b2,67.0,-68.018980,25.726474 
5635153a77a8,16.0,123.518436,-30.507317 
d8a2a4538d86,35.0,121.878302,-9.521427 
870f24cbd62f,40.0,27.750560,71.779934 
5e30ed9baca4,69.0,161.240436,-21.207493 
33737ca582e7,11.0,-49.772280,76.008011 
8c8754562555,42.0,145.282040,-62.193195 
871a295c4176,21.0,110.093754,-59.341775 
546a0a0cf348,58.0,-108.942133,-88.917023 
6f5fe97fff83,72.0,126.281342,-83.554951 
4f5b57907280,67.0,159.630322,-12.307231 
ba423fc0749d,35.0,-44.435843,-49.840327 
c8a1978a06b2,51.0,-50.990369,1.242780 
c7b332d546ab,88.0,-32.657338,-4.467228 
bb9a2cf2bbad,28.0,-130.549741,-53.236478 
3afab5864128,75.0,-114.692514,58.155242 
9cf11f7a7346,2.0,-29.010598,-30.357032 
99a2c842a728,4.0,153.627444,70.919609 
1d3340af327f,81.0,159.024189,21.735088 
d90d433804de,24.0,143.512965,57.725281 
8940220e08df,79.0,174.094831,-8.580072 
8b0cf1a3d435,5.0,-88.621443,-55.978884 
93906cd91452,35.0,-0.368586,-48.875600 
9a91caaf8cbf,61.0,157.174432,27.390159 
f77c4d31fed5,50.0,-1.180863,44.876327 
3ef6ac1d612f,98.0,136.784023,18.445691 
3f846edde782,40.0,-79.265044,32.662780 
2bbc52173474,30.0,72.628551,-81.972905 
3d5c1440f6f4,37.0,44.610378,-13.444017 
ec61f8ba0372,84.0,32.362029,-59.275125 
4abcd23a000f,34.0,-176.267604,-34.907187 
931a29570be9,45.0,-81.873438,-17.613660 
bf88d78763e0,47.0,87.401082,-34.476172 
0f714cfb9cb7,84.0,117.169246,-18.113538 
ae841108129d,32.0,175.053006,82.834271 
b59d018d876d,74.0,57.400958,18.760526 
ca33b1769dec,86.0,-28.573932,53.060515 
15e429a06a88,91.0,52.554807,57.912168 
0b653c8465d3,1.0,-114.007527,35.306229 
424738d41ddb,47.0,-176.137403,-48.958737 
f081cd778f26,37.0,178.595253,-45.811045 
1e343f8b2653,28.0,-129.597778,41.649926 
f0744d063475,60.0,111.825039,73.188178 
330f56081b53,93.0,-59.284536,-6.544390 
14b2a71f786e,46.0,27.650392,-72.714329 
7084a0e8b67b,34.0,127.281846,-15.305531 
3d21b542031c,83.0,4.862910,46.514009 
b8cd22fabc3c,43.0,47.456949,-3.988600 
db6feae21964,15.0,-108.093406,-71.314385 
72b820b02d64,65.0,178.971965,63.732396 
fb9965b5eaad,27.0,-4.772839,0.356595 
2b4eff423cbb,18.0,-39.516477,-55.287542 
ab317d813c74,81.0,-106.712592,51.924656 
14846f3eb9ea,36.0,120.022678,-80.139915 
164c141e6285,64.0,-180.182526,77.283491 
f298c6511085,32.0,-164.706178,-71.417848 
240f5a302227,63.0,78.307040,18.090080 
17cf6d9608e9,42.0,123.234426,-22.895455 
5d37481bce79,91.0,-157.289554,27.222955 
a2dbd59d111d,6.0,67.380661,-72.230368 
fd175803b62c,35.0,-78.348240,70.701754 
2c42baad060d,7.0,166.295689,-6.152410 
40363a3bebcb,58.0,156.154806,-72.081561 
523e1e56b770,37.0,5.906123,-9.336983 
205a2984aa9a,98.0,39.668783,-15.920619 
8448220e4bf7,36.0,-161.819156,32.709191 
d1271e5656a5,65.0,-65.692870,-32.110431 
4ee50253575d,37.0,129.872319,-77.814532 
5180d07958f6,91.0,138.748898,7.257438 
ef464c2eb82a,89.0,-160.382267,83.658727 
247a67638fbb,45.0,150.010739,74.446687 
5e6563c24a31,69.0,-12.480491,-10.747746 
cdf0c766bd14,76.0,31.050057,-51.206620 
c235c826207b,63.0,-53.417223,-82.734575 
68d038db3a66,89.0,-155.644828,83.802821 
e723e10f83da,44.0,-115.750686,86.739395 
2b06a2148b01,1.0,99.347128,47.671531 
14293180f9ee,26.0,-69.090442,-18.695270 
3d5be47f91e6,37.0,-79.279854,-45.998898 
c3433efcbdbd,33.0,-140.897392,-60.525698 
becb729b59e5,92.0,131.950294,-78.539042 
b3ee72948532,52.0,-21.462287,-8.232136 
6c20eb6cdd37,2.0,-173.915342,34.772099 
16606a2fbd40,39.0,-140.298318,10.400198 
0e7b409f0bf1,34.0,-107.314726,73.238476 
b320bab4b5f7,39.0,152.522228,49.508819 
1cbf17d1210d,90.0,142.564067,15.645350 
11a9f326499f,16.0,-50.323599,77.186896 
bd740ac22f7d,44.0,152.107256,-50.098853 
70452a5aa97f,49.0,178.825023,-25.299746 
e917028ac843,45.0,120.349076,3.323243 
9c9b322ab18e,48.0,118.150049,56.610645 
77f67875e68a,97.0,167.511778,63.555825 
f810e00f74ed,37.0,64.703985,88.259973 
6a504717049b,6.0,-148.458722,-71.931939 
4f35c8043f6f,69.0,-148.108348,47.199150 
c0e7c3f1ff87,23.0,127.197582,88.762413 
9434e4ea3454,20.0,106.247525,-71.263807 
ef87198a088c,73.0,-118.950240,-20.823764 
dcf7dd8d2945,3.0,88.479225,-44.636045 
c56dcc1704d6,10.0,-101.071624,24.093669 
3e73feb1dbd2,97.0,17.522342,20.504205 
22815841dd80,50.0,-69.787661,45.863084 
bd23e548b0a9,61.0,-5.142247,31.548979 
6d1f92a9b500,70.0,125.744278,0.620530 
36dca01545a3,0.0,116.810138,81.229686 
541a41b221cf,64.0,150.567725,69.692500 
58b706d3208a,47.0,-140.187711,-17.685786 
be3ffe1a6af6,85.0,45.635331,38.382393 
95cb2322cb08,21.0,-159.051380,-18.942783 
9819f46f917f,18.0,7.159759,79.190929 
d000a95550ad,65.0,-79.392642,-17.156246 
c9491af7c4de,37.0,9.757576,-48.247052 
cf4ecf199869,85.0,123.441757,-21.605570 
1da0745c844b,11.0,-96.960001,-69.721573 
2b5677533e06,93.0,165.172887,20.990866 
79dfc011ef92,57.0,126.969466,-12.970150 
3d859560fb82,53.0,-150.012241,-19.774501 
73e0020df3c7,49.0,76.937585,-49.302542 
a0b11f700229,74.0,-102.938879,44.859623 
8b2a52e18426,32.0,123.776415,-52.338676 
26a277c448b0,34.0,-25.556507,4.150052 
bfe13efd6006,72.0,113.754212,3.963300 
24718703519e,100.0,-165.343444,-67.768183 
7d8771b2e6e5,97.0,111.668624,-50.021493 
e3c773871a78,73.0,-48.465845,-48.986524 
dd607adb7cc6,94.0,-87.222012,-76.563474 
84fe0c5c19f3,10.0,114.331147,-2.323031 
4484cff908b3,38.0,105.326851,4.194040 
792cc39a5a2a,55.0,65.608227,-50.597408 
671ed11c2be4,93.0,121.271932,16.564402 
071eeeb3a9eb,31.0,132.505726,-41.968726 
5bba3b7ef712,53.0,-140.967424,70.541949 
5f10ff4507e6,63.0,-56.315373,-41.820189 
971c8b5a5cd9,60.0,165.221746,-20.285221 
586c2789021d,75.0,70.410485,21.800430 
ebf40a13c6ef,2.0,157.168561,-23.658127 
bd7debf0fddb,44.0,66.435153,-38.911481 
d704e48afce8,14.0,-179.417978,-69.890928 
3371512d35cf,48.0,-9.483388,-44.724796 
29f3360753e9,24.0,29.072340,-19.082622 
5a648f8dfcab,85.0,46.954042,-0.223077 
8b16fcbe66dd,54.0,36.421360,-71.876670 
9064a4709c06,83.0,11.941823,2.701156 
4fafadae7d07,27.0,-115.743109,47.599230 
0b259b9d81e7,30.0,-172.784647,-10.761932 
d6d2f62e5432,13.0,68.514224,-6.390781 
03a1cd9e795c,88.0,-82.909342,72.532120 
7949d5a0f8f3,26.0,48.463399,45.622889 
eb463639b3d5,22.0,-55.519957,-15.419663 
653d131708c5,82.0,49.339909,-10.560487 
266799ef166f,37.0,-73.370030,-0.994503 
cda272d4c877,59.0,140.998967,-25.220976 
f1cf4f83cf92,14.0,42.042243,1.677366 
3b702a547393,43.0,-124.780020,65.856066 
7818f3f42d3d,15.0,28.583452,7.211257 
a4c0c794894b,27.0,-94.959051,-31.596224 
75644ad82853,73.0,70.638607,-59.587722 
8a1d65677e91,70.0,-141.615242,71.326207 
a2a0a9010b52,93.0,-51.134017,-66.826555 
5ba17641b710,56.0,-141.478273,60.743348 
6e8495a60053,48.0,15.275988,46.352407 
81975ecf6389,92.0,174.135691,-46.749982 
89e5920ac200,40.0,24.559822,-28.635720 
6649cf947e20,6.0,5.711893,-24.629314 
cdbb05a3dd49,52.0,63.428406,-2.884872 
8845125df417,76.0,32.062327,6.631937 
4fde56698fc5,7.0,108.584585,-71.462260 
69cbcebbf595,96.0,-4.832271,90.658898 
47dc2da30590,90.0,81.523745,26.720978 
074e1771e65a,65.0,46.546201,-67.598652 
8ddeb5b6317b,99.0,-148.126802,-74.390109 
c2ff50a1ac95,32.0,-21.873581,25.105689 
de6888b53f84,4.0,132.256144,-4.689911 
483b12322a73,4.0,-29.604641,-53.056086 
0ed4bdd931f3,18.0,-116.684649,-45.822094 
e897a3853374,69.0,44.265726,-81.052724 
e79853c27802,89.0,-13.462943,-2.401087 
abbca73bde49,60.0,-114.709273,16.907783 
24e9d05e82cd,21.0,-131.564527,6.033715 
6d594e8dffc1,5.0,145.221563,-8.730001 
aa8713cc1406,70.0,-27.729969,75.778283 
67a5652d0df8,1.0,-51.769342,-16.381050 
b3b8982d99de,74.0,-87.499749,8.582675 
0d81c0377b24,96.0,-166.609904,11.264176 
4dc800da13ca,82.0,25.406126,37.992448 
39aecb06505f,30.0,-89.997432,-48.976251 
d80683ebe02f,65.0,-64.250381,-32.785683 
4334f1204d8f,96.0,159.904391,14.521156 
8f00b9149248,94.0,21.437528,39.918782 
a80ef9e8a4df,24.0,-28.421027,55.152827 
5988e4aac7c4,77.0,-86.596193,1.791616 
81753ab00218,37.0,-122.217038,-33.404457 
56a2339c95d8,65.0,74.611252,-72.191433 
575f105a8a11,95.0,162.113261,-34.161243 
0aca4a275017,45.0,166.984784,71.301144 
07614aed26e3,35.0,117.319177,75.712426 
3c9f6eb9de7f,54.0,86.894936,5.793549 
44e2ab9482c2,73.0,45.817366,-19.592262 
2c827ffa0c88,98.0,122.618990,-48.934896 
3c47c6922ad5,66.0,-131.816837,-60.700435 
7d914b1bad5e,61.0,22.442871,-30.906888 
9d9d98eb9caa,79.0,87.326471,4.479430 
e0b29b1e7b48,95.0,53.990728,80.368723 
e5962073e3ef,93.0,-17.949645,-17.137742 
eefe669e36ec,34.0,-117.799821,-63.692873 
5c768bbc99e5,88.0,-94.508475,20.672311 
995e2ff2ba2e,86.0,-110.283329,0.272605 
6f46926cf732,94.0,114.753482,49.455456 
b7ff1e022be9,13.0,23.812790,72.386134 
04e11ef4b80f,44.0,-9.145559,-55.053584 
db684569c84c,93.0,133.142301,-14.427141 
ec5bfc358da2,46.0,-11.698670,-57.179809 
879bb892a8b2,36.0,28.591697,-22.089902 
487a9c3e75be,27.0,-138.410083,-7.722644 
9b57f01aaccd,72.0,114.883554,-13.957078 
e5f090d90207,36.0,-85.593678,16.332201 
bb0f0bd489f0,68.0,-73.840573,37.003585 
db14c84dd112,89.0,-41.177370,86.521484 
1e5fb54ef376,80.0,-28.058612,11.801014 
1d3505d22b38,78.0,-25.194501,-65.818472 
6d51b80ed6cf,7.0,160.414385,61.661952 
4c6845d1bb59,24.0,171.893331,-53.459341 
8c7bc94c0b13,96.0,-55.914488,6.959463 
d4bbf5348263,86.0,-164.436039,60.794448 
7ac142bdd7f0,34.0,73.509012,5.356474 
03b42406a178,10.0,-66.098865,27.519108 
816f8284bea5,84.0,-67.983392,-47.119251 
d313922af2df,45.0,4.938355,-65.064526 
9471fc508cf8,96.0,22.404288,-13.154898 
8e333cb89a44,88.0,-166.001647,84.926988 
8580ddd8af34,6.0,69.274411,-26.698151 
1478c53037d0,19.0,122.956860,-47.664827 
b8d77c57260f,100.0,172.870639,-4.773511 
3c7181868f91,96.0,-59.448316,37.274208 
7f7f4dbfe9bf,12.0,-176.988697,-24.152770 
784cff76159c,79.0,-65.067728,29.969524 
52b0c6f7655c,6.0,157.448861,59.608672 
d68be1c75f93,61.0,69.614476,-27.227323 
0e3df223c129,71.0,-142.127521,71.012762 
78bbb68dfe81,90.0,72.781425,36.582274 
544c61a68006,24.0,-136.454999,-64.095717 
278241e7e6be,62.0,73.778743,81.722473 
90cf4c60ef03,92.0,-43.577900,85.874511 
118d829fc647,93.0,-62.558891,86.862333 
3afeda23155b,23.0,-69.206907,-36.916995 
1b76e4160071,72.0,177.002423,-12.967452 
286f9e8e8f68,41.0,66.338075,39.979587 
1110575bff24,10.0,-86.743291,58.074687 
70bcc2903b2b,88.0,85.199109,70.964557 
15ede14c7906,92.0,-140.035279,58.225641 
1e9ccd4008a8,29.0,58.428791,-79.141110 
fcf2a8ae0bc0,40.0,-28.573672,9.901182 
5eebb91276c0,38.0,28.597607,-87.623849 
eefabf3abf59,78.0,-133.617137,-20.678530 
bb3de7a683e9,6.0,-51.599514,31.427092 
d208150078c5,30.0,73.945762,-65.158664 
c39d87b75f2c,11.0,146.795481,23.811818 
f931f7070cbb,86.0,-103.633080,21.059739 
d336a6802ca2,21.0,-127.199464,50.685781 
d64b6f25c494,41.0,-11.409765,82.899794 
81abf3ceae61,18.0,-56.253511,-45.402838 
f6e94bf9a970,99.0,-54.217954,62.019398 
405b8ece4c6a,33.0,-160.212996,-16.769292 
31f8665b78e9,83.0,135.747173,51.531663 
f6197386e185,35.0,30.603227,-84.256659 
78aaa971b5bc,79.0,-106.817789,-18.311369 
0f967371980c,68.0,-180.455311,81.386488 
1b5de425d0d8,89.0,-61.154890,46.392827 
15e842b06ed1,30.0,-39.934684,-83.921335 
8295e9abd3f5,75.0,16.979306,-23.067034 
1ca9967c384f,91.0,-139.133273,36.723251 
b61f0e1e2927,23.0,-150.410151,-71.775767 
c0246303304f,100.0,-114.242147,13.153105 
f35c2b78c9d6,54.0,57.564166,80.312405 
b18f96aa38dd,49.0,2.408218,66.093747 
febbb9f064cc,55.0,113.418732,43.205668 
aefa5b4cc914,95.0,-162.439553,12.654837 
5d7b44a8522c,84.0,154.803008,-75.817669 
92d0ee8347bc,76.0,-66.854917,86.742282 
34a424cc41f0,31.0,-25.805401,60.621002 
dc15a68de835,23.0,-7.511808,65.947093 
3550dd23252d,20.0,134.261678,32.183222 
6d12412ca2a1,91.0,-22.216773,12.987687 
b0db66a3f857,89.0,58.402664,-19.813216 
d4c2c7a6d959,28.0,109.235752,28.692114 
a8a00a90f391,7.0,-154.579525,29.424783 
309b2422f84d,79.0,-114.649272,38.702300 
eab34d78a321,5.0,-33.679147,38.977503 
6e41bbca484b,2.0,-115.517747,-49.056485 
cb2a25080d44,96.0,-4.910507,-16.740703 
0eee64de4569,2.0,67.634511,-33.457512 
8ff7d7e19a25,36.0,154.413394,-15.137834 
3e91cc268cf9,66.0,-146.718536,15.762932 
72e25cefb2ef,70.0,131.007022,9.658496 
8ac15b3b9595,45.0,-31.445358,19.531995 
6b0a73ca46d5,29.0,-102.107388,-35.591598 
4f26d2d56540,3.0,-90.890580,-76.318115 
a5e34f5363e5,59.0,-5.581321,86.692041 
b2d0e734abd3,18.0,-3.497717,17.913241 
aea37ad275c2,81.0,117.507186,78.502960 
ffeae01654d6,64.0,-108.842387,-61.505782 
c2406e670f94,89.0,146.925334,4.504135 
edc19b2c9000,64.0,50.136084,84.471715 
c996bb818300,26.0,145.162807,-73.789186 
03da1daeb344,41.0,-94.221379,-41.531167 
c89e4adad238,22.0,-41.367747,77.697155 
31060914c49b,4.0,-81.008182,-48.157007 
8016a9d4a609,51.0,156.106078,71.124500 
8e69ddd2ea07,72.0,172.227745,-65.737547 
2f8355f55e24,1.0,104.286989,-89.126768 
af25e65d1e3b,24.0,-10.967814,1.142079 
b2521a418203,38.0,175.523413,20.369638 
14ece738edd9,71.0,-135.317983,0.383544 
955f8d827a46,76.0,-135.787958,27.959667 
3042b89f595c,8.0,59.614043,-21.310758 
11c44ffb4e9f,10.0,-103.070479,-40.146581 
369a77d8f6b9,56.0,-30.696382,31.825354 
78d414cdba1c,57.0,-83.979900,59.520847 
7b94bb9745ed,78.0,115.786136,20.472168 
2b48380e6b25,71.0,176.882382,47.211449 
c01e37208fd4,21.0,65.360187,47.315811 
25e8b7c17117,66.0,-180.407477,-20.639411 
8b0e04a887b3,37.0,114.304480,-57.854985 
2a42d354b85d,91.0,-138.284814,61.592817 
421234b2c746,21.0,153.149482,47.023385 
c0b67aefa517,71.0,-44.161605,44.667838 
0d2d06ffaf98,90.0,-13.070559,-45.620608 
78b64cd8c0fe,6.0,-161.290559,-29.531798 
73e4a0184f5f,21.0,-39.261993,-72.879771 
fdbae58bf23a,60.0,119.044106,-45.044887 
d4720b3fbb02,16.0,171.960991,-66.807645 
69d03a0b5a72,54.0,-9.752418,86.496588 
edcae942a3b9,80.0,82.077372,-6.608154 
3568c8fe2252,22.0,42.048499,54.061588 
5ba229292a3d,12.0,89.887564,-81.946208 
31d0e80f0a21,26.0,-6.781742,-55.350770 
96d671592100,23.0,-56.279890,-80.786409 
f984ffd518a8,34.0,-51.577756,72.342049 
eeb4b430def6,51.0,33.970634,-4.401127 
45abc718a3eb,33.0,22.057321,78.803395 
54ec64f728c0,42.0,-177.246626,1.805966 
de1aae82e3b9,46.0,-0.196459,0.860954 
cdd5dfe70e25,51.0,113.135078,41.832588 
ead76a6344b1,96.0,-169.785259,38.043816 
94b14fe77911,47.0,32.058882,78.729429 
3737f9d2128a,6.0,-24.304816,-22.067863 
9ff2c8d7614c,47.0,-58.923235,57.984202 
3201edbd1356,47.0,-135.084183,-2.742377 
7628003c8681,46.0,138.557513,27.809786 
f964ffb93269,73.0,89.716274,-61.385316 
2144e43adf22,74.0,-54.949117,-13.899203 
82643ad4bc66,27.0,-97.060675,-48.899681 
3928c9a1f939,8.0,95.197684,-6.881010 
726c2d0e13b2,19.0,-62.191372,64.895826 
7a6559751f99,8.0,-175.993725,-11.082138 
9450269fb2d8,92.0,20.769322,13.676195 
b0f4e0674803,100.0,-78.473701,-33.267631 
fa3d05f8b905,57.0,-57.148144,90.112663 
c27b6d357c6b,49.0,88.919328,-0.227523 
dd714cacd800,35.0,-90.222069,-41.454701 
ab2bf5d6429d,37.0,160.805651,-35.137646 
722f59960afd,22.0,37.368126,51.600624 
f956d7f0d3fe,74.0,-174.259945,-79.548828 
05f320114490,1.0,59.039479,-62.825774 
f83c2a141bc2,13.0,9.558357,-21.339495 
dfc20994b2f1,73.0,31.476526,-25.219641 
6223d673b20b,84.0,-111.724723,-11.115481 
415ad2c768a2,58.0,30.277463,41.747197 
eb2d5f8534f4,16.0,-50.409191,58.272399 
4fb8a81d8292,54.0,-53.948583,-79.632345 
e27abc7930bc,95.0,-119.615251,41.024605 
8e4c94381a13,60.0,47.388277,-14.022260 
4edb76fa6413,95.0,-123.032493,78.970602 
5361bca35dff,91.0,162.368252,-25.271737 
f29200fa98fc,8.0,-35.152011,22.456986 
b9513ea1b3c4,23.0,-75.233382,-18.826769 
4eb1f912f05d,77.0,140.359516,-80.318354 
f7d142df19c9,56.0,103.780535,59.204449 
46d29732dfe9,37.0,-31.094608,-12.805635 
13ef2babe01a,79.0,-40.056169,4.780231 
b39db09e0f4e,61.0,-31.118516,52.802545 
761f3aeb3360,64.0,-165.500072,-65.430376 
0af714638adb,5.0,136.352444,29.525625 
53892652058f,13.0,-75.543406,26.239401 
f54930cc6524,93.0,-20.390415,40.192906 
05778177b4ad,48.0,5.907094,-71.735112 
103441f693ae,100.0,-43.234303,-10.663710 
1d30bcc706e3,25.0,-142.946563,-27.816838 
0507e21e7f26,19.0,74.987502,-33.273417 
3b708c65e35b,94.0,83.722464,-79.903843 
4bd47d198bea,73.0,119.581262,-72.129498 
49c39c648b1c,55.0,-166.821298,-1.363021 
efc64e618c09,74.0,17.642401,-2.175112 
83dbcaacbfbd,8.0,-173.570724,-35.763671 
0a5e826cc5de,66.0,-157.140000,-6.128554 
2f568b385fa9,98.0,11.353761,-30.990281 
2661eb29e74b,40.0,-131.826288,-81.712337 
d10e451ac9bf,84.0,169.195756,-17.341183 
3dd2f87137d4,85.0,-23.103728,-33.374005 
c3e27705cf06,38.0,49.553335,1.659831 
2c491dac2af9,99.0,166.675090,-29.778436 
955a1e3339c2,75.0,52.601816,38.812773 
010032bad896,37.0,10.244852,-43.131037 
37e59b881767,48.0,107.609439,-79.933651 
c929b5762e9d,48.0,-60.480689,80.295432 
72f5164bbdfe,97.0,-28.364090,15.215741 
4dd856fac154,27.0,94.140789,86.678879 
dbb762fb8b16,52.0,-149.229280,37.078993 
3469655c32d6,29.0,89.957083,18.225709 
f2aa78df71bb,64.0,14.558967,1.234713 
0702226f025d,91.0,115.883876,-37.915243 
9b6a26d699e9,62.0,-71.832495,35.848640 
3017c505215d,44.0,-49.496965,-2.221739 
c21226bdfe45,80.0,-164.391415,-62.255586 
99b16a6040b3,97.0,163.294574,-38.870107 
0fed0777c3ff,64.0,135.726101,31.083859 
7a81d2299dd1,72.0,74.539134,-60.271856 
71cdabc063a0,19.0,-70.602767,-72.820194 
100341e18cdd,90.0,-80.298999,7.063186 
f34c5757b23b,92.0,-110.519220,73.171910 
bbce6f70508e,84.0,-29.626755,-22.741005 
ddcc904026c3,91.0,-156.207889,-85.915621 
25c4e592f056,40.0,51.202598,-39.130517 
a3026b5a96e9,84.0,-29.021834,-76.693140 
cb92dd04cef4,84.0,3.793715,-55.232771 
d3944b5968cd,84.0,46.583249,0.920086 
32fd9b016c6c,81.0,12.111486,46.609682 
06b33e761fc7,7.0,-7.672911,51.010277 
fcf52d99f341,80.0,-171.823982,8.837747 
8a8ee80902b7,10.0,163.250166,34.506150 
6ec20ec744d0,11.0,116.431964,20.480224 
675afa233e9a,34.0,-16.435005,80.414389 
dc3fab63c0f5,48.0,-118.085150,-79.120004 
b46bc0107d2d,13.0,3.049253,2.806632 
efd3a19e8d47,26.0,-159.202518,-58.921591 
b2b6cb9202d7,16.0,116.952688,-23.551675 
5181faf9a1cf,78.0,148.452316,-77.012231 
e0550698da67,80.0,101.526249,-24.351118 
20ae86b6dc3f,62.0,62.919203,-60.777449 
13d0723be7dd,82.0,67.548582,-38.334098 
c6806f0c9c92,50.0,-77.538206,-40.166879 
bd1d21c98dc9,80.0,93.946135,28.793609 
75cea02601cd,6.0,62.108190,-52.064233 
1be53f3b1762,32.0,-79.376613,42.296738 
a0b9263aa57a,43.0,-69.224878,-38.787451 
804cedd34960,40.0,-86.842837,-32.078837 
64cfa07ba2d4,2.0,164.719789,-78.983323 
3f8413e0d7c3,80.0,75.122234,-72.394160 
9856f6e00467,52.0,-162.447861,-34.626397 
b025ca9c29d9,44.0,173.797365,-23.301711 
59d18287846d,41.0,-177.160810,77.790505 
812d2e8281b4,43.0,-40.656158,12.338711 
8b256372de78,37.0,-131.786959,48.927494 
1283179b11e6,99.0,-170.707441,49.332240 
b8a16868433f,15.0,-113.869603,46.278997 
234cbe75a3a7,28.0,-50.608155,43.194601 
0dad7bd2c802,55.0,99.658875,49.627968 
f0b34cc640e3,61.0,-112.348637,-14.587054 
95acb6fe80ad,51.0,43.309265,89.344200 
7b388538abfd,18.0,138.489940,-29.441325 
eb30081cee91,18.0,145.805913,-36.657538 
010e644e6850,47.0,-63.422571,-88.197424 
1c64a819d1c9,19.0,30.270196,-10.211649 
b12e3da5550f,49.0,-40.331553,-47.258251 
dea1cc8c7f92,15.0,8.831497,-66.040253 
eea8b29a3c0b,70.0,-128.613485,64.785702 
e5d673ceb419,61.0,62.005778,44.684151 
1c76bb237590,80.0,178.800970,-25.442013 
3d78cb4d3346,84.0,-40.982572,-38.541104 
0e858171ebbe,99.0,-15.073669,-15.859985 
eb7a053c716f,99.0,-82.860399,-25.861506 
1ecce6df1ead,60.0,-138.958817,-17.489744 
270ee6338538,97.0,113.633442,35.285436 
5964df690497,45.0,177.896945,39.132547 
69ae911b40b4,69.0,11.250109,-43.010552 
17efd6f88e72,29.0,-49.080363,18.297985 
26e6f409eaf4,44.0,27.862213,82.438965 
79d8ff63a9a0,91.0,170.315934,31.458484 
90d9d82fb02f,14.0,41.715752,8.474421 
4b49faea0fb4,17.0,-8.442194,0.685185 
0d1051ac0956,27.0,82.032348,-59.906353 
d68788e155a1,98.0,-29.281176,18.160195 
f9cdbe9d4494,18.0,174.906655,-26.750984 
3e08ff962103,10.0,-103.340839,47.675386 
0e11be59a202,9.0,33.290101,-80.818468 
4b3cdaa1eed1,74.0,-147.459928,20.277347 
2937f89efe31,62.0,-125.504598,70.147299 
c30b971c2079,42.0,-143.721696,29.227646 
64898cb547e4,88.0,-23.189487,57.392829 
8de9f8748c0c,56.0,-4.688203,83.552118 
dcd635ba1c6e,45.0,117.761774,-62.858966 
dfadeb247c19,81.0,71.768667,40.210785 
41f1fce1eba5,36.0,58.775110,70.200614 
375114ada734,83.0,-45.086055,64.998340 
4d747499e301,49.0,21.269361,-37.033222 
8f40b6d17f01,1.0,-113.956952,19.893541 
68cffd117107,88.0,48.627603,10.164603 
65a8197ce905,9.0,-101.002748,33.702471 
ebf474abada2,90.0,-126.393673,27.135414 
be087c022813,35.0,-141.049782,-76.337776 
cce986c9e883,19.0,-109.497346,-35.403698 
6442db0484ec,49.0,-22.196595,-30.480987 
006156dffb8c,79.0,-149.490928,81.619087 
a69fbe153df1,72.0,-152.192935,-64.130094 
a65228fe99ff,58.0,-135.139183,-5.547948 
bd70c46419f6,92.0,109.372854,-14.348083 
7c3dcba92c97,76.0,-151.880742,-63.316446 
291e0de06026,46.0,-171.338350,25.437088 
506386642b64,81.0,1.666990,65.381802 
07a21bcf2fe0,19.0,-51.275460,-28.835729 
cbed552e39ac,26.0,40.825782,-3.900758 
3f4bc2a56af8,5.0,169.869346,6.874035 
38c385b8c586,90.0,-34.332472,59.981808 
153e86502bae,76.0,-67.390818,-55.546637 
28868f517f27,94.0,26.547231,-70.218685 
861355c88582,29.0,-49.979793,53.309736 
6a3c9cf6fb47,71.0,172.975897,23.078967 
1ade15054b74,67.0,-35.018712,-7.420995 
83761c2fc2b1,64.0,82.213660,28.140283 
cc1e88b95f09,8.0,-153.052608,-18.435757 
830cd78c6d9e,58.0,168.717673,58.827798 
f79602c0be73,83.0,-110.112382,6.701469 
3fe7f3ccd132,33.0,52.419869,13.458300 
e4e04af07504,44.0,150.496081,51.291640 
02376e867875,4.0,115.897607,49.827598 
e11b2a63804b,98.0,-64.735007,-51.069352 
6cb49499cbaa,77.0,64.666908,-71.490183 
8c8895757395,68.0,-54.549608,5.318712 
850d40200ae1,87.0,73.568006,-69.620881 
340697fd0a24,38.0,-169.149050,-45.324790 
c51da12590c7,5.0,-22.494946,18.733625 
0e74f0daaeba,88.0,-12.873417,46.136052 
fb1b70b0fd0f,29.0,-123.045546,-38.561986 
4561ff4943ae,14.0,140.601402,43.819188 
d40f50602ea3,98.0,115.656803,-54.947406 
f447ab5c1a4c,27.0,10.876928,-27.056985 
7df6a1a3fcb1,36.0,-57.962062,36.531243 
effbb32534aa,71.0,-100.722892,36.635825 
135e2de81516,47.0,-114.615235,63.920958 
16e6f916d7df,41.0,90.163254,-43.015033 
043e774a94da,39.0,-59.743135,17.100122 
183501ac630e,57.0,139.764190,-49.087077 
030e5723e46c,94.0,-86.298679,75.884948 
f873a8f3a361,21.0,129.030135,40.075247 
5c4cb6efcaa0,71.0,-158.432388,78.386835 
cb39f45d8866,21.0,57.427556,66.549416 
d31e587f0e4a,76.0,157.612323,87.263131 
a54180f278d4,29.0,-83.205682,-36.318399 
81b87af5443d,41.0,31.329504,88.454243 
34777af745f7,82.0,-46.696190,-1.980347 
1156d0727146,62.0,62.077670,-6.407887 
4205cade10fd,28.0,-63.532874,19.480398 
abf59c0ad7ae,24.0,-84.978503,68.286752 
13bf584f34ed,79.0,166.401193,35.652121 
ff7836eef5dd,30.0,108.577716,-19.533543 
2516172824ac,15.0,-73.172866,4.428017 
3c3bf04390cf,42.0,169.319788,74.763181 
f06b69b1706a,1.0,-116.255610,-13.782728 
a07a6953be85,94.0,128.152313,59.723575 
26a6a23201be,92.0,-157.612857,28.851064 
10760c9cfcbe,92.0,-163.840824,11.035913 
9f9aa76ba643,85.0,114.161691,19.844579 
cba1dbd8110f,96.0,21.520057,-11.975336 
a9db806f35c9,34.0,161.785178,89.080320 
1806617925b5,52.0,-88.099511,59.314307 
c61e55da21da,100.0,-159.031412,-48.497462 
6555f65574df,82.0,-29.638148,-55.593372 
41b6553acbea,15.0,23.183397,-81.765826 
e6ecaa9496e5,29.0,146.873013,74.733933 
5508ec77c433,6.0,-71.808096,78.989077 
0897676038dc,36.0,-136.488694,82.366584 
b6f6bcba66d6,74.0,170.579507,0.709047 
74ba5a4d2d5a,81.0,105.361900,-71.900325 
5380d6575c43,35.0,-61.207679,-10.735026 
26f2704ca1b2,77.0,40.219359,-2.957442 
15f9c7101ce0,24.0,128.520307,-61.052380 
f128879eb72e,18.0,91.703227,-44.565313 
28f633316cd5,60.0,-172.668789,88.753299 
d6cc2e332135,92.0,155.856249,28.137348 
b2f2080a3b23,37.0,30.294974,-1.113911 
85f063323daf,72.0,-63.807784,-60.905055 
1a0685435699,38.0,-76.199706,-82.662589 
45b47e990fbc,25.0,-97.565830,44.234560 
ad7172b68b76,77.0,179.153454,-12.975652 
e4780405a2e0,66.0,-56.836741,-89.019412 
f1c73315af28,82.0,118.129492,53.159120 
7833439c42fe,20.0,58.564479,53.087334 
eeb9cc9dfe2b,9.0,-174.906552,40.377682 
2d67f05de402,15.0,-152.831083,41.895686 
e36c9a7db8f3,83.0,-36.303450,79.639765 
a718baee1e7f,7.0,109.145275,-79.322562 
2fe09bee7fd6,67.0,104.605978,-14.247908 
a160abf415c9,73.0,83.198273,81.153903 
244a10b061d7,10.0,-34.477851,41.518663 
7fac072eae72,50.0,-99.277671,-11.258721 
11301bea3b6b,40.0,-88.663914,-37.243936 
512bfe4c8835,61.0,82.186397,77.992371 
a05bdef5be21,35.0,171.847424,-68.895896 
d16c618f452c,63.0,153.134871,54.251407 
b08d104282f3,32.0,-63.148417,50.027373 
5f058f31db00,98.0,-27.239283,-57.831571 
0393f4957ae8,30.0,121.889646,33.701481 
7135f79dad06,12.0,-34.661735,87.448490 
880f72be07e8,93.0,174.253335,55.606369 
afcc71ea1397,96.0,-9.257728,12.509958 
9602711202dc,29.0,-7.539660,-40.614127 
13584ed0d46e,0.0,89.900181,9.059227 
f55c7057c6b7,9.0,-87.945046,-44.407110 
7f3337a2141d,48.0,82.291139,-11.549159 
9ab42bf57edc,47.0,139.750435,-57.764715 
8a573e520976,36.0,-116.293504,-11.847545 
3a34d6cbbffe,32.0,5.948112,-41.993877 
01adaa5e0889,29.0,176.089843,-68.664391 
ca3cfde7af77,22.0,-141.318352,-12.325135 
12df07ffed9e,6.0,49.906357,23.768809 
2ad61b81fbf1,32.0,-139.889614,-4.558725 
288194fde108,16.0,156.981470,-3.808507 
6800fdc84128,67.0,-71.895810,43.805202 
e6b981207be2,74.0,-54.947921,-17.760753 
6a3effecfc05,24.0,-66.259677,65.921455 
4cae327f10b0,80.0,161.779290,14.956578 
7664e53e8512,92.0,87.042118,-18.176478 
c5cb82b17441,47.0,115.510440,-5.425795 
749518798acf,55.0,-32.780491,-88.097134 
afdf320da9b2,42.0,3.264251,14.131199 
c7164d681b3f,6.0,79.653394,41.116473 
9542811a8c1b,64.0,-127.444119,9.510252 
5bf8774f5d65,61.0,-180.036467,19.687014 
85fbaadca848,9.0,133.918341,-9.030715 
29c231af1c81,32.0,-137.926064,-79.053561 
abb7dcdd8f39,25.0,40.377109,-48.378830 
2f6e734275d9,63.0,49.004163,16.513167 
1a2c2d1f0131,50.0,-172.935928,12.753726 
e54a4dd6e799,62.0,45.108278,-33.122953 
0e60b4199e03,32.0,-48.564193,-7.807234 
2673d7bf1cd9,72.0,43.133118,23.251211 
1d2b29aa86a5,52.0,-131.492649,-21.283803 
e369f3ae68fd,51.0,77.694152,0.153157 
d4a230999584,51.0,52.474457,50.637270 
339e846d3b13,47.0,-166.282796,-34.042682 
c53a98617888,16.0,-116.646977,-11.492720 
45db86f93b05,92.0,-90.907236,-69.703200 
52386b63fb03,70.0,26.301696,68.728471 
07ce976ba210,68.0,34.554217,8.240272 
d1291cd4c753,29.0,173.818971,40.494067 
a654ac6ceb61,44.0,56.401658,-73.324082 
6473b8031da4,64.0,151.227605,30.370363 
d74b1052e318,52.0,-130.064220,-56.545847 
58719950323c,12.0,36.985046,64.221175 
a6e849b52a75,3.0,-39.143861,-86.826731 
3ed2a3639264,19.0,-22.985436,-73.265556 
e3f343b007fc,57.0,99.831897,-30.569417 
6b1381854236,22.0,142.548650,53.555115 
769230710311,60.0,-56.320350,-87.068582 
8236e6d23f23,13.0,-69.800448,29.217806 
58d10c10224d,57.0,-42.970546,62.910096 
95f50587c373,87.0,-78.789932,-9.982341 
bde44a1fc627,90.0,-87.559155,-17.829967 
2aa1d494340d,49.0,-75.091174,-6.899462 
4cf6ed9021db,85.0,170.146770,-88.127182 
de0faedf9980,46.0,42.592569,0.152218 
d02fcd447a05,51.0,19.275041,8.515366 
ea38f079e048,64.0,-178.832698,16.731900 
e8971f9e093b,37.0,59.603848,-32.230117 
3b9ae21d39b9,41.0,-44.743152,-0.244970 
c158d679d89e,35.0,-170.217771,74.553742 
ba301099e1bc,91.0,-46.863337,-48.760683 
26ce3eb1ae1f,28.0,-28.683506,-34.955118 
f7b3683eb261,7.0,-66.371728,89.304326 
b79084bfac9c,42.0,102.089657,38.450792 
5e5f52fa3885,57.0,-85.133068,90.048320 
0a13d3c6b2e1,61.0,-42.947726,50.808210 
dc212aa6bbb3,58.0,-165.637578,84.143657 
dcbe50c0deff,95.0,168.899994,23.048898 
d073b64979b8,21.0,-75.431681,-6.260295 
9f9bffd247b4,27.0,163.175204,-69.255705 
45805c2960d9,78.0,134.269657,-88.423731 
7aa034ce2482,29.0,-175.246106,-16.958985 
c84d60babb84,18.0,59.558906,-36.681240 
c02af1e2e491,62.0,-173.814495,-46.383110 
9879b75c5299,25.0,47.085284,-50.844056 
b297d4f40a91,15.0,72.030715,-81.026664 
a172b347f76b,62.0,128.446566,86.767173 
9d6640c212af,85.0,34.594398,-60.972184 
c5a65486d8ab,29.0,-14.962703,-33.122130 
5bf28118e40d,86.0,-112.192234,5.262848 
f61b679cd102,28.0,159.281309,-34.838761 
21178dd55880,94.0,168.150509,-3.621815 
cda18000e085,85.0,-99.481354,-6.338617 
102736bd3eaa,81.0,69.342221,-45.025912 
a1ad05052827,94.0,151.217066,23.013767 
b003c64e2ed0,7.0,-72.073433,-63.964820 
e5613dabab23,64.0,-60.166358,-77.989190 
23965971e7ab,37.0,139.245957,-14.758031 
b82eb9003f69,91.0,143.889284,49.302488 
9dd3d06d977d,59.0,159.791215,-72.787304 
b1da4f30c07e,58.0,-59.279139,-40.212482 
d1daf75dce3b,63.0,57.504247,73.695148 
b8ed143c3c77,33.0,-29.991657,5.843244 
5838f6e15a70,25.0,130.685142,-88.036279 
1f0da32e490c,2.0,6.433247,15.863408 
111eb57641f8,2.0,163.736353,35.929138 
c6da912b3c62,58.0,-59.779815,-44.269571 
ba6104d13424,56.0,170.689086,29.020495 
6c1c6cd1bcad,58.0,135.924902,18.645902 
dc396756ec13,5.0,98.379937,-76.241139 
2be6c092f3c6,12.0,146.500627,-37.486933 
b3a8b6af99c9,50.0,174.580810,87.470437 
450f7041459d,1.0,-154.950352,20.509293 
5772e001388a,35.0,-104.012992,-85.730817 
e03924c984f6,71.0,126.264014,-65.476726 
1a1cd5466e2b,42.0,-171.256458,-68.544327 
2ba149907790,67.0,-71.936238,-53.205659 
88e9d4b91292,99.0,177.648082,11.809299 
ed32e1da09ac,4.0,136.324410,7.442676 
7c100bd49145,53.0,74.939066,33.458063 
831d128c16f4,21.0,167.908084,-39.963303 
a5888802fb04,68.0,108.295167,84.135242 
0b65da1321af,0.0,-13.428895,-66.917757 
d27e877cac7f,77.0,-95.432263,85.113640 
43cbb426d7c5,9.0,67.875886,-70.142822 
afc715452d93,30.0,-7.357221,-42.667706 
255c1bfae0a2,16.0,74.685445,55.979704 
28060aa17c94,79.0,-97.097824,-16.484504 
0b01ee309089,70.0,-106.378186,-27.065010 
31dce5609000,61.0,-86.564307,16.674273 
00ff7d0ca59f,46.0,-137.026768,5.098087 
c0c6465aa9a8,64.0,-166.170797,63.152995 
df54cedd03e2,65.0,69.469039,37.449067 
f1a051e65dc7,25.0,145.817773,-38.822538 
84806621226e,69.0,-92.658513,54.375957 
9edf41c82a5d,31.0,-8.216682,14.761066 
efae16ce112e,64.0,-53.281045,70.540024 
26de500a205a,13.0,36.704625,-9.018229 
4e90a879566e,97.0,25.821469,47.024478 
d85fbf999ecd,76.0,-92.711742,38.728750 
3bf07e937567,11.0,-20.361945,-6.817984 
d1073eca8877,28.0,-75.582298,32.719517 
089b9828b393,41.0,-150.265223,28.962187 
b63503bb25e5,80.0,16.704396,-39.187629 
51687ea99d28,36.0,-44.103498,-49.403638 
8a9714676a13,81.0,-145.027016,50.491578 
fefc06eb355e,2.0,-92.859994,-45.343506 
f5861ea6ccc0,84.0,3.139164,-11.323670 
eea6c3b2c6fc,16.0,64.055544,40.429452 
9d4d913b1406,54.0,-143.376757,-73.126751 
d9ab122903f2,90.0,-74.278725,-15.948194 
019efbdf9708,0.0,-101.937065,-88.749522 
f9683e216ff4,12.0,-35.295513,-12.494885 
b441ce9fe44f,32.0,-54.721513,26.099497 
6e24c85a4ce5,100.0,-65.575962,-56.366978 
ad405afd7cdd,97.0,-6.451910,27.735718 
2ee4aad719f7,4.0,128.321044,25.435498 
3e4b882c633f,75.0,-25.480188,34.409185 
eb8b3e0df2d6,14.0,172.273165,89.481957 
3e57c020c463,48.0,-64.393515,-55.754903 
ac52d8811a37,78.0,-32.901673,35.336231 
0a592425745d,14.0,-105.086085,50.031484 
30b1743b5446,84.0,-73.232123,45.985969 
58ae1745adde,37.0,75.780967,-13.490623 
f5fc2c12dd0e,65.0,34.471813,-62.387197 
8c5af8eecc60,59.0,168.523039,74.748790 
0f62a3956ee9,7.0,-173.494511,18.547604 
af109bbc5bab,67.0,142.032274,13.777290 
296633fd373f,49.0,118.606726,-22.808785 
dd483598fa77,25.0,28.260219,-53.501446 
0df8f58258d0,16.0,74.893063,23.269683 
fafd84edc25c,6.0,-55.983744,19.219422 
7944b49061d2,91.0,-148.003474,76.791119 
cea24a3e1ddb,78.0,41.745940,-67.807725 
d16e131112a4,45.0,45.477316,11.530702 
be350da31456,36.0,170.259287,77.199871 
a01c0fca62fa,30.0,51.351716,-46.829669 
4ca882601956,87.0,-61.573407,-39.035722 
534ae78a9448,33.0,131.917415,57.851836 
670f9971fc67,14.0,106.496685,-18.047844 
4e7890f02daf,19.0,-144.904621,35.764983 
6643d1b64199,85.0,161.739095,-84.133549 
2aa9d71c2dc3,22.0,51.060422,-85.327510 
aa4e7dd2baf0,39.0,90.526412,-23.232525 
35e5b1af0434,36.0,67.855013,-26.817279 
751ff416c87d,94.0,17.250189,47.817088 
79a154220a35,93.0,-106.575413,88.152855 
aabafb554bcf,75.0,164.140043,39.822253 
6e2624c84a21,16.0,-47.817349,89.362488 
6d5bb0b55a3a,94.0,-13.961907,-34.387110 
b3665e0b42a7,70.0,-67.129006,14.040998 
b1766e990898,8.0,25.770338,87.242348 
db15fe108f6d,37.0,-41.950140,85.639911 
5cf1725ba0c0,99.0,31.927711,18.454103 
aa123681effd,83.0,128.833596,-16.185582 
bf0880c9c27a,20.0,101.644597,48.136316 
4381852829ea,57.0,-39.072780,-57.178015 
e8700faaf23b,24.0,-135.638159,22.025184 
d8f13cafb7bd,41.0,-89.533330,8.634524 
149808ab46e8,36.0,64.193129,-88.484040 
35c0e9f4c26c,18.0,116.076347,-83.045676 
9a2852553448,83.0,-124.574667,12.158583 
f724ef7d0fff,43.0,-42.354756,-44.971244 
296205e2a72c,85.0,-31.408511,83.462510 
b244e6e4a36e,49.0,-90.942853,20.728612 
d7ae8e1647e2,90.0,-24.043624,23.408951 
cd36d0a6839f,81.0,70.076325,-19.223878 
8c80be294b08,99.0,169.785599,35.675599 
6b5a7fd947bb,21.0,2.160848,-72.575330 
37f86fab387e,54.0,-175.083991,18.608049 
b81851302579,87.0,-121.017812,-32.042006 
bae4ee2bac1a,78.0,-16.119917,-17.135841 
cfb9a3e63211,97.0,-147.479510,-19.383995 
2dbe31efe677,58.0,152.709389,73.771510 
dbf9104824bd,57.0,133.528883,52.527253 
20e46b7ecb85,99.0,-49.821785,-31.208657 
2729580617aa,46.0,178.681103,53.329691 
68b5d04b868a,41.0,96.656489,-1.596826 
fe868713425b,13.0,148.387054,31.982616 
92b4c50f69ab,13.0,42.453664,80.296617 
96bd508d2c55,72.0,-161.898187,-7.023530 
b74f528ef702,58.0,62.858644,43.488414 
4983b16d60eb,95.0,-0.269139,-69.980998 
7443504286f6,11.0,-168.924305,27.395526 
1d8887d85609,33.0,-50.234223,-27.499722 
c3916a5486da,2.0,145.291694,-48.845214 
a177050ef1e8,50.0,0.367415,-56.006490 
817516d6b8ac,92.0,96.992507,-41.081050 
64a4548c1366,20.0,1.794792,55.262618 
d7dcea16c205,16.0,-28.217031,53.395256 
d2ca77d6f1b1,13.0,74.406638,83.091739 
05ec4e794312,15.0,-49.473233,-11.558515 
b5bd0e7f47de,58.0,25.056514,-82.004907 
410088abbe04,30.0,-140.194857,-56.396677 
da5c9600839c,64.0,-97.089571,-62.745664 
717dd50d1041,94.0,-29.947115,-35.433491 
0c714fd7053a,74.0,-110.405625,-5.792878 
d4c445950e45,22.0,84.412898,2.130029 
01423ec5c1c1,7.0,-22.420361,-61.762581 
35fae58845b6,58.0,141.640428,90.393705 
aa27ecf3a8c8,45.0,-78.428709,68.650865 
e3d3a2ca1a05,47.0,145.355436,3.821053 
d203fe346baa,79.0,-52.952616,-53.217541 
b5b5b8842f4a,83.0,137.657593,-77.087216 
8243b6cf9192,8.0,24.971319,86.602437 
2fe4b162d523,83.0,-102.498899,87.401799 
b60a763ec82f,77.0,-158.607050,27.413803 
b52125a4c66e,17.0,54.494872,70.848974 
3d89bdb3597c,35.0,122.328745,22.410948 
68a4f0df0dde,29.0,-116.595395,-46.538302 
037d33d01227,73.0,-40.113171,-35.715982 
e65ba1b5ba08,76.0,-170.871133,52.062668 
95f9b19175d5,37.0,56.877812,31.921462 
48a5d40affba,67.0,147.524952,-88.447543 
9b87072aab80,21.0,58.126641,3.383874 
fd69c871b7d5,42.0,-69.856680,-17.127952 
608097b1e53f,54.0,140.970741,-17.810528 
20dd35da578b,46.0,95.159051,8.540037 
ca47201c1538,65.0,-88.457960,53.786418 
293701d48bab,90.0,-67.613326,14.078792 
1b8fbd8df29d,72.0,11.680989,55.206164 
abad9bb4f9e3,14.0,141.300229,56.348161 
3c2ee6ee5ba7,87.0,31.841528,40.226537 
8567fb3eff86,12.0,-161.261326,-7.336541 
fcc5dcae98e0,2.0,-139.277146,-14.679597 
575f05a7000f,31.0,-177.486673,23.484518 
674b5dd433a2,3.0,56.843493,-32.006866 
b735426a9b17,46.0,6.290804,66.602666 
09a2d46344f9,34.0,-16.154891,19.461779 
7e099f7da291,66.0,-11.677067,65.067327 
f14a477fcff6,67.0,-2.971322,43.873837 
28e5dfb3bab5,85.0,111.243952,49.296230 
e2280ae24e34,22.0,45.149163,64.559856 
987128ad8d39,66.0,119.794422,-16.872153 
74ec8749f568,68.0,48.586273,38.948017 
2a33f691787c,68.0,-162.442365,76.608860 
87cebe57566e,44.0,146.043596,87.746086 
620a1b9f87a0,76.0,-104.846736,11.808982 
6afdcd9a9c68,60.0,-101.057438,-19.648405 
473b0691e8c6,87.0,47.718704,15.136099 
00340e3c2d68,80.0,-30.717602,78.252729 
b9684df027bc,95.0,162.850682,-23.553882 
58eaeb20155c,71.0,-8.536078,-67.481637 
a5efe1089a2b,22.0,105.936772,22.062100 
6f8b39fe3756,28.0,-123.100218,-33.938430 
cbf07deee5de,70.0,39.506968,12.419422 
b6b5a5aed7d0,95.0,133.391971,70.483858 
b2277cdeffaf,9.0,-128.809724,-27.190267 
d9e5345ba308,15.0,170.498482,-51.877424 
8e955c144c75,61.0,152.317416,1.436013 
186086827434,50.0,156.367185,-33.379370 
1342eebc2674,54.0,-172.599144,12.555531 
a5a19d87b23b,66.0,135.264037,55.041135 
36d847460aa2,46.0,71.256661,70.279757 
08157e11d07e,20.0,-58.693804,-31.631919 
708071502666,99.0,110.981932,84.975487 
a613e20da55d,61.0,-164.782115,11.392884 
b093c760ba5f,32.0,-124.829313,-50.093616 
ce444c6719b9,60.0,161.518537,-12.301700 
24f2a9ac4f0b,9.0,95.478261,89.630987 
9ad7d71adf9b,93.0,-96.532240,-49.477412 
abf2a9b33661,11.0,60.452847,-79.752057 
4109ffd2f98e,12.0,-142.080801,-37.658447 
0d41a71f5de4,76.0,-82.877154,-26.785411 
daf0dedc7001,18.0,69.873218,-60.252944 
0ac057bef54f,93.0,104.403337,48.508283 
4067d2f5762c,79.0,2.934605,-8.777815 
1f3c400a2e09,93.0,91.181074,-20.352484 
1207a0127bc0,86.0,-101.164676,3.222564 
07b82ac10dfa,79.0,-56.609369,-71.316929 
12e03c620be1,78.0,129.556640,-82.950255 
c4eeb0a6ea8e,14.0,-154.288840,-81.721751 
637845f7874b,58.0,52.753366,40.756724 
260744bb5286,40.0,-77.528262,64.594429 
640bf7f82f27,88.0,-167.509609,-14.071051 
e02163ec11f3,22.0,-63.566973,-58.310860 
9f6be6dd7a9f,72.0,-133.548688,-78.287605 
a6ce6f0b45bb,30.0,-75.956444,-55.764479 
629075d30fb2,9.0,-160.982273,-86.088439 
7b12016c2f08,24.0,164.322955,87.215632 
d32136bd2cbb,69.0,-57.581841,-31.912413 
07023d9bf788,76.0,-12.623194,-46.431826 
ce5fe8255d12,32.0,168.746980,-15.706708 
